{"cameraMode":{"drawMode":0,"name":"Shaded","section":"Shading Mode"},"sceneLighting":true,"audioPlay":false,"sceneViewState":{"showFog":true,"showMaterialUpdate":false,"showSkybox":true,"showFlares":true,"showImageEffects":true,"showParticleSystems":true},"in2DMode":false,"pivot":{"x":0.02788257598876953,"y":2.030724048614502,"z":-2.7473626136779787},"rotation":{"x":0.3103368282318115,"y":0.52700275182724,"z":-0.21478122472763062,"w":0.7614644765853882},"size":44.11579895019531,"orthographic":false}