{"cameraMode":{"drawMode":0,"name":"Shaded","section":"Shading Mode"},"sceneLighting":true,"audioPlay":false,"sceneViewState":{"showFog":true,"showMaterialUpdate":false,"showSkybox":true,"showFlares":true,"showImageEffects":true,"showParticleSystems":true},"in2DMode":false,"pivot":{"x":-17.313077926635743,"y":59.675201416015628,"z":14.375173568725586},"rotation":{"x":-0.04153323546051979,"y":0.6874988079071045,"z":-0.039443489164114,"w":-0.7239233255386353},"size":173.2446746826172,"orthographic":false}